{
  "transaction_openGuestbook" : {
    "transaction" : "transaction_openGuestbook",
    "sampleCount" : 258,
    "errorCount" : 0,
    "errorPct" : 0.0,
    "meanResTime" : 23.996124031007774,
    "medianResTime" : 17.0,
    "minResTime" : 11.0,
    "maxResTime" : 100.0,
    "pct1ResTime" : 52.0,
    "pct2ResTime" : 63.04999999999998,
    "pct3ResTime" : 87.15000000000038,
    "throughput" : 0.8612229365699293,
    "receivedKBytesPerSec" : 6.370527268512955,
    "sentKBytesPerSec" : 0.6173219096116486
  },
  "serviceGuestbook" : {
    "transaction" : "serviceGuestbook",
    "sampleCount" : 516,
    "errorCount" : 31,
    "errorPct" : 6.007752,
    "meanResTime" : 13.096899224806208,
    "medianResTime" : 8.0,
    "minResTime" : 5.0,
    "maxResTime" : 100.0,
    "pct1ResTime" : 32.0,
    "pct2ResTime" : 44.14999999999998,
    "pct3ResTime" : 64.82999999999998,
    "throughput" : 1.7259199052750935,
    "receivedKBytesPerSec" : 5.838189050944741,
    "sentKBytesPerSec" : 0.5376645017409716
  },
  "JDBC Request (DELETE)" : {
    "transaction" : "JDBC Request (DELETE)",
    "sampleCount" : 3,
    "errorCount" : 0,
    "errorPct" : 0.0,
    "meanResTime" : 111.33333333333334,
    "medianResTime" : 9.0,
    "minResTime" : 6.0,
    "maxResTime" : 319.0,
    "pct1ResTime" : 319.0,
    "pct2ResTime" : 319.0,
    "pct3ResTime" : 319.0,
    "throughput" : 0.016609640235192506,
    "receivedKBytesPerSec" : 1.6761030185252854E-4,
    "sentKBytesPerSec" : 0.0
  },
  "sendComment" : {
    "transaction" : "sendComment",
    "sampleCount" : 255,
    "errorCount" : 31,
    "errorPct" : 12.156863,
    "meanResTime" : 65.15294117647058,
    "medianResTime" : 58.0,
    "minResTime" : 39.0,
    "maxResTime" : 241.0,
    "pct1ResTime" : 97.0,
    "pct2ResTime" : 108.0,
    "pct3ResTime" : 155.27999999999997,
    "throughput" : 0.8508622070364635,
    "receivedKBytesPerSec" : 33.36451575617459,
    "sentKBytesPerSec" : 2.0310881172087716
  },
  "transaction_openGeneralSite" : {
    "transaction" : "transaction_openGeneralSite",
    "sampleCount" : 260,
    "errorCount" : 0,
    "errorPct" : 0.0,
    "meanResTime" : 11.280769230769236,
    "medianResTime" : 9.0,
    "minResTime" : 0.0,
    "maxResTime" : 86.0,
    "pct1ResTime" : 16.0,
    "pct2ResTime" : 19.0,
    "pct3ResTime" : 50.009999999999195,
    "throughput" : 0.8655501070285997,
    "receivedKBytesPerSec" : 19.074238633204832,
    "sentKBytesPerSec" : 0.2997565432259052
  },
  "openClients" : {
    "transaction" : "openClients",
    "sampleCount" : 255,
    "errorCount" : 0,
    "errorPct" : 0.0,
    "meanResTime" : 8.149019607843137,
    "medianResTime" : 8.0,
    "minResTime" : 5.0,
    "maxResTime" : 16.0,
    "pct1ResTime" : 12.0,
    "pct2ResTime" : 13.199999999999989,
    "pct3ResTime" : 15.439999999999998,
    "throughput" : 0.8512428145091834,
    "receivedKBytesPerSec" : 5.100037200145546,
    "sentKBytesPerSec" : 0.33334801622869387
  },
  "openGuestbook" : {
    "transaction" : "openGuestbook",
    "sampleCount" : 258,
    "errorCount" : 0,
    "errorPct" : 0.0,
    "meanResTime" : 8.383720930232556,
    "medianResTime" : 7.0,
    "minResTime" : 5.0,
    "maxResTime" : 36.0,
    "pct1ResTime" : 12.0,
    "pct2ResTime" : 13.049999999999983,
    "pct3ResTime" : 25.050000000000125,
    "throughput" : 0.8624666546322483,
    "receivedKBytesPerSec" : 3.4637148181298514,
    "sentKBytesPerSec" : 0.34953482585193657
  },
  "transaction_openClients" : {
    "transaction" : "transaction_openClients",
    "sampleCount" : 255,
    "errorCount" : 0,
    "errorPct" : 0.0,
    "meanResTime" : 8.15294117647059,
    "medianResTime" : 8.0,
    "minResTime" : 5.0,
    "maxResTime" : 16.0,
    "pct1ResTime" : 12.0,
    "pct2ResTime" : 13.199999999999989,
    "pct3ResTime" : 15.439999999999998,
    "throughput" : 0.8512428145091834,
    "receivedKBytesPerSec" : 5.100037200145546,
    "sentKBytesPerSec" : 0.33334801622869387
  },
  "clearGuestbookHistory" : {
    "transaction" : "clearGuestbookHistory",
    "sampleCount" : 3,
    "errorCount" : 0,
    "errorPct" : 0.0,
    "meanResTime" : 233.33333333333334,
    "medianResTime" : 115.0,
    "minResTime" : 100.0,
    "maxResTime" : 485.0,
    "pct1ResTime" : 485.0,
    "pct2ResTime" : 485.0,
    "pct3ResTime" : 485.0,
    "throughput" : 0.018627524029505998,
    "receivedKBytesPerSec" : 0.5985183550964907,
    "sentKBytesPerSec" : 0.025631036482005813
  },
  "Debug Sampler" : {
    "transaction" : "Debug Sampler",
    "sampleCount" : 255,
    "errorCount" : 0,
    "errorPct" : 0.0,
    "meanResTime" : 0.1450980392156862,
    "medianResTime" : 0.0,
    "minResTime" : 0.0,
    "maxResTime" : 3.0,
    "pct1ResTime" : 1.0,
    "pct2ResTime" : 1.0,
    "pct3ResTime" : 1.4399999999999977,
    "throughput" : 0.8573907079021162,
    "receivedKBytesPerSec" : 0.5618549080574553,
    "sentKBytesPerSec" : 0.0
  },
  "Total" : {
    "transaction" : "Total",
    "sampleCount" : 1801,
    "errorCount" : 43,
    "errorPct" : 2.3875625,
    "meanResTime" : 9.646862853970001,
    "medianResTime" : 8.0,
    "minResTime" : 0.0,
    "maxResTime" : 319.0,
    "pct1ResTime" : 15.0,
    "pct2ResTime" : 27.0,
    "pct3ResTime" : 56.98000000000002,
    "throughput" : 5.998474568932497,
    "receivedKBytesPerSec" : 34.25502036059125,
    "sentKBytesPerSec" : 2.042294309317786
  },
  "transaction_addGuestbook" : {
    "transaction" : "transaction_addGuestbook",
    "sampleCount" : 255,
    "errorCount" : 31,
    "errorPct" : 12.156863,
    "meanResTime" : 22.305882352941186,
    "medianResTime" : 17.0,
    "minResTime" : 11.0,
    "maxResTime" : 109.0,
    "pct1ResTime" : 42.0,
    "pct2ResTime" : 52.19999999999999,
    "pct3ResTime" : 90.11999999999995,
    "throughput" : 0.8538451493224487,
    "receivedKBytesPerSec" : 3.173582062471329,
    "sentKBytesPerSec" : 0.7949634489400601
  },
  "openGeneralSite" : {
    "transaction" : "openGeneralSite",
    "sampleCount" : 259,
    "errorCount" : 0,
    "errorPct" : 0.0,
    "meanResTime" : 11.320463320463324,
    "medianResTime" : 9.0,
    "minResTime" : 7.0,
    "maxResTime" : 86.0,
    "pct1ResTime" : 16.0,
    "pct2ResTime" : 19.0,
    "pct3ResTime" : 50.59999999999866,
    "throughput" : 0.8643503856204133,
    "receivedKBytesPerSec" : 19.12134384897062,
    "sentKBytesPerSec" : 0.30049681375084686
  },
  "addGuestbook" : {
    "transaction" : "addGuestbook",
    "sampleCount" : 255,
    "errorCount" : 12,
    "errorPct" : 4.7058825,
    "meanResTime" : 12.047058823529419,
    "medianResTime" : 8.0,
    "minResTime" : 6.0,
    "maxResTime" : 89.0,
    "pct1ResTime" : 25.0,
    "pct2ResTime" : 34.19999999999999,
    "pct3ResTime" : 44.879999999999995,
    "throughput" : 0.8549931600547196,
    "receivedKBytesPerSec" : 0.2637866075380221,
    "sentKBytesPerSec" : 0.5296818838684585
  }
}