{
  "transaction_openGuestbook" : {
    "transaction" : "transaction_openGuestbook",
    "sampleCount" : 1779,
    "errorCount" : 0,
    "errorPct" : 0.0,
    "meanResTime" : 29.08150646430573,
    "medianResTime" : 18.0,
    "minResTime" : 8.0,
    "maxResTime" : 636.0,
    "pct1ResTime" : 50.0,
    "pct2ResTime" : 97.0,
    "pct3ResTime" : 196.20000000000005,
    "throughput" : 5.926148003797532,
    "receivedKBytesPerSec" : 55.439895057795766,
    "sentKBytesPerSec" : 4.247844369909559
  },
  "serviceGuestbook" : {
    "transaction" : "serviceGuestbook",
    "sampleCount" : 3556,
    "errorCount" : 160,
    "errorPct" : 4.4994373,
    "meanResTime" : 15.794431946006736,
    "medianResTime" : 9.0,
    "minResTime" : 4.0,
    "maxResTime" : 540.0,
    "pct1ResTime" : 23.300000000000182,
    "pct2ResTime" : 53.0,
    "pct3ResTime" : 147.71999999999935,
    "throughput" : 11.845515293239794,
    "receivedKBytesPerSec" : 63.09804604481876,
    "sentKBytesPerSec" : 3.6901556431088816
  },
  "JDBC Request (DELETE)" : {
    "transaction" : "JDBC Request (DELETE)",
    "sampleCount" : 15,
    "errorCount" : 0,
    "errorPct" : 0.0,
    "meanResTime" : 38.0,
    "medianResTime" : 12.0,
    "minResTime" : 6.0,
    "maxResTime" : 393.0,
    "pct1ResTime" : 178.20000000000013,
    "pct2ResTime" : 393.0,
    "pct3ResTime" : 393.0,
    "throughput" : 0.053181682810261935,
    "receivedKBytesPerSec" : 5.50513513465602E-4,
    "sentKBytesPerSec" : 0.0
  },
  "sendComment" : {
    "transaction" : "sendComment",
    "sampleCount" : 1762,
    "errorCount" : 160,
    "errorPct" : 9.08059,
    "meanResTime" : 75.90181611804782,
    "medianResTime" : 60.0,
    "minResTime" : 25.0,
    "maxResTime" : 860.0,
    "pct1ResTime" : 136.0,
    "pct2ResTime" : 181.8499999999999,
    "pct3ResTime" : 322.0,
    "throughput" : 5.86402907386946,
    "receivedKBytesPerSec" : 252.82787313400237,
    "sentKBytesPerSec" : 14.021167793975225
  },
  "transaction_openGeneralSite" : {
    "transaction" : "transaction_openGeneralSite",
    "sampleCount" : 1781,
    "errorCount" : 0,
    "errorPct" : 0.0,
    "meanResTime" : 11.491297024143732,
    "medianResTime" : 9.0,
    "minResTime" : 0.0,
    "maxResTime" : 128.0,
    "pct1ResTime" : 20.0,
    "pct2ResTime" : 24.0,
    "pct3ResTime" : 40.720000000000255,
    "throughput" : 5.926966198654868,
    "receivedKBytesPerSec" : 130.9705114660256,
    "sentKBytesPerSec" : 2.058232921285496
  },
  "openGuestbook" : {
    "transaction" : "openGuestbook",
    "sampleCount" : 1779,
    "errorCount" : 0,
    "errorPct" : 0.0,
    "meanResTime" : 9.315907813378288,
    "medianResTime" : 7.0,
    "minResTime" : 4.0,
    "maxResTime" : 144.0,
    "pct1ResTime" : 16.0,
    "pct2ResTime" : 20.0,
    "pct3ResTime" : 32.200000000000045,
    "throughput" : 5.926266452135155,
    "receivedKBytesPerSec" : 23.800630602720286,
    "sentKBytesPerSec" : 2.4017583765977433
  },
  "openClients" : {
    "transaction" : "openClients",
    "sampleCount" : 1762,
    "errorCount" : 0,
    "errorPct" : 0.0,
    "meanResTime" : 9.332576617480129,
    "medianResTime" : 8.0,
    "minResTime" : 4.0,
    "maxResTime" : 73.0,
    "pct1ResTime" : 16.0,
    "pct2ResTime" : 20.0,
    "pct3ResTime" : 31.0,
    "throughput" : 5.869752784135011,
    "receivedKBytesPerSec" : 35.16692708073076,
    "sentKBytesPerSec" : 2.2986043617559955
  },
  "transaction_openClients" : {
    "transaction" : "transaction_openClients",
    "sampleCount" : 1762,
    "errorCount" : 0,
    "errorPct" : 0.0,
    "meanResTime" : 9.334279228149823,
    "medianResTime" : 8.0,
    "minResTime" : 4.0,
    "maxResTime" : 73.0,
    "pct1ResTime" : 16.0,
    "pct2ResTime" : 20.0,
    "pct3ResTime" : 31.0,
    "throughput" : 5.869733230285425,
    "receivedKBytesPerSec" : 35.16680992949324,
    "sentKBytesPerSec" : 2.2985967044379447
  },
  "clearGuestbookHistory" : {
    "transaction" : "clearGuestbookHistory",
    "sampleCount" : 17,
    "errorCount" : 0,
    "errorPct" : 0.0,
    "meanResTime" : 114.29411764705881,
    "medianResTime" : 79.0,
    "minResTime" : 14.0,
    "maxResTime" : 547.0,
    "pct1ResTime" : 280.5999999999998,
    "pct2ResTime" : 547.0,
    "pct3ResTime" : 547.0,
    "throughput" : 0.060167832860838884,
    "receivedKBytesPerSec" : 2.051295206614568,
    "sentKBytesPerSec" : 0.08058438781884528
  },
  "Total" : {
    "transaction" : "Total",
    "sampleCount" : 10653,
    "errorCount" : 250,
    "errorPct" : 2.3467567,
    "meanResTime" : 12.73650614850279,
    "medianResTime" : 9.0,
    "minResTime" : 4.0,
    "maxResTime" : 540.0,
    "pct1ResTime" : 20.0,
    "pct2ResTime" : 30.0,
    "pct3ResTime" : 100.0,
    "throughput" : 35.4738167069589,
    "receivedKBytesPerSec" : 254.9009580540349,
    "sentKBytesPerSec" : 14.104922874501343
  },
  "transaction_addGuestbook" : {
    "transaction" : "transaction_addGuestbook",
    "sampleCount" : 1762,
    "errorCount" : 160,
    "errorPct" : 9.08059,
    "meanResTime" : 26.24233825198637,
    "medianResTime" : 19.0,
    "minResTime" : 8.0,
    "maxResTime" : 302.0,
    "pct1ResTime" : 46.0,
    "pct2ResTime" : 71.0,
    "pct3ResTime" : 161.3699999999999,
    "throughput" : 5.870222115612059,
    "receivedKBytesPerSec" : 33.28015123338797,
    "sentKBytesPerSec" : 5.488611218345944
  },
  "openGeneralSite" : {
    "transaction" : "openGeneralSite",
    "sampleCount" : 1779,
    "errorCount" : 0,
    "errorPct" : 0.0,
    "meanResTime" : 11.503653738055078,
    "medianResTime" : 9.0,
    "minResTime" : 5.0,
    "maxResTime" : 128.0,
    "pct1ResTime" : 20.0,
    "pct2ResTime" : 24.0,
    "pct3ResTime" : 40.80000000000018,
    "throughput" : 5.924608606168387,
    "receivedKBytesPerSec" : 131.0655968433309,
    "sentKBytesPerSec" : 2.059727210738228
  },
  "addGuestbook" : {
    "transaction" : "addGuestbook",
    "sampleCount" : 1762,
    "errorCount" : 90,
    "errorPct" : 5.107832,
    "meanResTime" : 14.452326901248556,
    "medianResTime" : 9.0,
    "minResTime" : 4.0,
    "maxResTime" : 191.0,
    "pct1ResTime" : 27.700000000000045,
    "pct2ResTime" : 46.0,
    "pct3ResTime" : 106.21999999999935,
    "throughput" : 5.870417692546035,
    "receivedKBytesPerSec" : 1.830968874000913,
    "sentKBytesPerSec" : 3.6600213820885625
  }
}